strategy,logic,samples,generated,unique,target_matched,fallback,avg_ms,avg_attempts,avg_rejects,constructive_pct,avg_rated,avg_hidden,avg_cycle,avg_domain,avg_steps,avg_depth,avg_stuck,avg_diagonal,stage_graph_ms,stage_arithmetic_ms,stage_hidden_total_ms,stage_hidden_set_ms,stage_hidden_prefilter_ms,stage_tile_bank_ms,stage_tile_pool_ms,stage_tile_select_ms,stage_uniqueness_ms,stage_hidden_human_ms,stage_human_ms,stage_eval_ms,families,reject_constructive,reject_geometry,reject_equation,reject_hidden_unique,reject_hidden_topology,reject_level,reject_strategy,reject_fallback,reject_none
DEDUCTION,4,5,5,5,4,1,519.2,2.20,20.80,0.0,4.20,12.40,1.40,4.62,1.60,1.00,0.00,0.00,0.0,0.0,496.0,2.2,2.2,287.8,282.6,4.0,81.4,73.6,14.2,0.0,generic:5,0,0,0,2,99,3,0,0,0
DEDUCTION,5,5,5,5,4,1,969.8,3.00,6.20,0.0,5.00,13.40,3.20,6.74,2.40,1.20,0.00,0.00,0.0,0.0,919.0,1.8,0.4,510.0,507.4,1.6,87.4,230.6,47.8,0.0,generic:5,0,0,1,4,22,4,0,0,0
CHAIN,4,5,5,5,5,0,607.8,3.40,6.00,60.0,4.60,11.40,0.60,4.09,1.20,1.00,0.00,4.20,0.0,0.0,596.6,1.6,0.0,428.8,426.2,1.2,40.0,70.6,9.6,0.0,chain-long:2|chain-branch:1|generic:2,4,0,5,1,0,10,10,0,0
CHAIN,5,5,4,4,4,0,903.8,3.25,7.00,25.0,5.00,12.75,1.75,4.22,2.25,1.00,0.00,1.25,0.0,0.0,888.6,1.6,0.4,651.6,647.8,2.4,80.0,71.2,13.4,0.0,generic:3|chain-long:1,9,0,5,9,18,11,9,2,1
HYPOTHESIS,4,5,5,5,5,0,230.8,1.20,6.60,0.0,4.00,13.80,1.40,4.46,1.80,1.00,0.00,0.00,0.0,0.0,220.0,0.4,0.0,106.0,105.6,0.0,40.6,51.2,10.0,0.0,generic:5,0,0,0,1,32,0,0,0,0
HYPOTHESIS,5,5,2,2,1,1,1528.6,4.00,12.00,0.0,5.00,14.00,3.00,7.24,2.50,1.50,0.00,0.00,0.0,0.0,1436.2,2.2,0.6,807.0,803.6,2.2,155.8,343.8,89.8,0.0,generic:2,0,0,2,2,26,14,14,0,3
NETWORK,4,5,5,5,5,0,152.6,1.40,0.40,100.0,4.40,10.40,3.20,4.00,1.40,1.00,0.00,2.20,0.0,0.4,145.4,0.0,0.0,82.4,81.8,0.0,14.6,29.0,5.4,0.0,network-hub:1|network-two-cluster:3|network-ring:1,0,0,0,0,0,2,0,0,0
NETWORK,5,5,3,3,3,0,552.6,1.00,0.00,100.0,5.00,12.33,5.00,5.79,2.00,1.00,0.00,2.67,0.0,0.8,520.4,1.0,0.4,342.6,341.2,0.8,33.8,81.2,30.6,0.0,network-dense:1|network-ring:1|network-hub:1,1,0,0,2,9,9,0,0,2
MIXED,4,5,5,5,1,4,587.4,3.80,23.60,0.0,4.00,11.60,1.60,4.10,1.80,1.00,0.00,0.00,0.0,0.0,572.8,1.8,0.2,360.6,358.6,0.8,62.0,84.2,13.0,0.0,generic:5,0,0,0,2,100,16,0,0,0
